{
	"data": {
		"region": {
			"name": "Africa",
			"avgAge": 19.7,
			"avgDailyIncomeInUSD": 3,
			"avgDailyIncomePopulation": 0.59
		},
		"periodType": "days",
		"timeToElapse": 154,
		"reportedCases": 2107,
		"population": 23524050,
		"totalHospitalBeds": 1251582
	},
	"estimate": {
		"impact": {
			"currentlyInfected": 21070,
			"infectionsByRequestedTime": 47445422074348175000,
			"severeCasesByRequestedTime": 7116813311152226000,
			"hospitalBedsByRequestedTime": -7116813311151788000,
			"casesForICUByRequestedTime": 2372271103717409000,
			"casesForVentilatorsByRequestedTime": 948908441486963600,
			"dollarsInFlight": "1.2932673149025823e+22"
		},
		"severeImpact": {
			"currentlyInfected": 105350,
			"infectionsByRequestedTime": 237227110371740880000,
			"severeCasesByRequestedTime": 35584066555761130000,
			"hospitalBedsByRequestedTime": -35584066555760693000,
			"casesForICUByRequestedTime": 11861355518587044000,
			"casesForVentilatorsByRequestedTime": 4744542207434818000,
			"dollarsInFlight": "6.466336574512913e+22"
		}
	}
}
